-- Supported PR 1B upgrade fixture: populated, workspace-complete Assess data.
INSERT INTO auth.users(id) VALUES
 ('11000000-0000-4000-8000-000000000001'),('22000000-0000-4000-8000-000000000002');
INSERT INTO public.profiles(id,email) VALUES
 ('11000000-0000-4000-8000-000000000001','tenant-a@example.invalid'),
 ('22000000-0000-4000-8000-000000000002','tenant-b@example.invalid');
INSERT INTO public.organizations(id,name,slug) VALUES
 ('11000000-0000-4000-8000-000000000010','Tenant A','pr1b-tenant-a'),
 ('22000000-0000-4000-8000-000000000020','Tenant B','pr1b-tenant-b');
INSERT INTO public.workspaces(id,org_id,name,slug) VALUES
 ('11000000-0000-4000-8000-000000000011','11000000-0000-4000-8000-000000000010','A Workspace','primary'),
 ('22000000-0000-4000-8000-000000000022','22000000-0000-4000-8000-000000000020','B Workspace','primary');
INSERT INTO public.roles(id,org_id,name,slug,scope,permissions) VALUES
 ('11000000-0000-4000-8000-000000000012','11000000-0000-4000-8000-000000000010','Assessor','assessor','organization','["assess.read","assess.create","assess.response.write","assess.finalize","assess.audit.read"]'),
 ('22000000-0000-4000-8000-000000000023','22000000-0000-4000-8000-000000000020','Reader','reader','organization','["assess.read"]');
INSERT INTO public.organization_members(org_id,user_id,role_id,status) VALUES
 ('11000000-0000-4000-8000-000000000010','11000000-0000-4000-8000-000000000001','11000000-0000-4000-8000-000000000012','active'),
 ('22000000-0000-4000-8000-000000000020','22000000-0000-4000-8000-000000000002','22000000-0000-4000-8000-000000000023','active');
INSERT INTO public.workspace_memberships(org_id,workspace_id,user_id,status) VALUES
 ('11000000-0000-4000-8000-000000000010','11000000-0000-4000-8000-000000000011','11000000-0000-4000-8000-000000000001','active'),
 ('22000000-0000-4000-8000-000000000020','22000000-0000-4000-8000-000000000022','22000000-0000-4000-8000-000000000002','active');
INSERT INTO public.assess_processes(id,org_id,workspace_id,name,status) VALUES
 ('11000000-0000-4000-8000-000000000013','11000000-0000-4000-8000-000000000010','11000000-0000-4000-8000-000000000011','A Process','Draft'),
 ('22000000-0000-4000-8000-000000000024','22000000-0000-4000-8000-000000000020','22000000-0000-4000-8000-000000000022','B Process','Draft');
INSERT INTO public.assessments(id,process_id,org_id,workspace_id,status,responses) VALUES
 ('11000000-0000-4000-8000-000000000014','11000000-0000-4000-8000-000000000013','11000000-0000-4000-8000-000000000010','11000000-0000-4000-8000-000000000011','Draft','{}'),
 ('22000000-0000-4000-8000-000000000025','22000000-0000-4000-8000-000000000024','22000000-0000-4000-8000-000000000020','22000000-0000-4000-8000-000000000022','Draft','{}');
